year,latitude,longitude,estimated_woodchuck_population,VOLCF_AC_UNADJ,wood_chucked_per_woodchuck_lbs,total_wood_chucked_lbs
2018,39.9,-75.6,3441.084157212317,17.49348826875,0.0,0.0
2018,39.9,-75.4,9445.985463938412,17.49348826875,0.0,0.0
2018,39.9,-75.3,7222.017159643437,17.49348826875,0.0,0.0
2018,39.9,-75.2,11869.568243517018,17.49348826875,0.0,0.0
2018,40.0,-80.0,295.73690235008104,97.1860459375,1.0011965519767527,108073.12992769317
2018,40.0,-78.6,125.74195705024312,1424.74743344375,17.679665942223632,811422.6653829514
2018,40.0,-78.2,52.60992706645057,1424.74743344375,17.679665942223632,339495.9665595523
2018,40.0,-76.8,1248.7452795786064,863.012087925,10.622451222192376,4841628.574762356
2018,40.0,-75.2,25999.318192868723,17.49348826875,0.0,0.0
2018,40.0,-75.1,43326.42588128039,17.49348826875,0.0,0.0
2018,40.1,-76.4,565.0277957860616,717.2330190187499,8.79099411491783,1813011.9500448948
2018,40.1,-76.3,4133.0175344408435,717.2330190187499,8.79099411491783,13261666.480074402
2018,40.1,-75.5,1616.13323541329,17.49348826875,0.0,0.0
2018,40.1,-75.3,3796.412732982172,17.49348826875,0.0,0.0
2018,40.1,-75.2,5530.2130773906,17.49348826875,0.0,0.0
2018,40.2,-76.0,1.0578403565640195,717.2330190187499,8.79099411491783,3394.3059474130587
2018,40.2,-75.8,215.0236831442464,17.49348826875,0.0,0.0
2018,40.2,-75.5,1498.2192970016208,17.49348826875,0.0,0.0
2018,40.2,-75.2,1149.2730247163695,17.49348826875,0.0,0.0
2018,40.3,-80.2,1506.329406401945,97.1860459375,1.0011965519767527,550468.1098582479
2018,40.3,-80.0,2729.8980854943275,97.1860459375,1.0011965519767527,997605.0609123736
2018,40.3,-79.9,2798.8692767423017,97.1860459375,1.0011965519767527,1022809.668297442
2018,40.3,-79.4,1000.5759319286872,1067.10278439375,13.186491172376742,4815841.278189647
2018,40.3,-76.6,764.9243618314425,75.80511583124999,0.732582842909819,204535.21921453188
2018,40.3,-75.2,745.9890194489466,17.49348826875,0.0,0.0
2018,40.4,-80.1,2612.266237844409,361.5320908875,4.322238773167933,4121156.0229527494
2018,40.4,-80.0,15008.956331037276,361.5320908875,4.322238773167933,23678386.94455968
2018,40.4,-79.9,4829.5701478930305,361.5320908875,4.322238773167933,7619212.70309954
2018,40.4,-79.8,1965.2205530794167,361.5320908875,4.322238773167933,3100365.6524064303
2018,40.4,-79.0,73.80199554294977,534.52325265625,6.495567873800397,174975.84301396777
2018,40.5,-80.1,1822.376843598055,361.5320908875,4.322238773167933,2875012.9662438612
2018,40.5,-80.0,4182.9828606158835,361.5320908875,4.322238773167933,6599145.5082925735
2018,40.6,-80.2,1616.8032009724477,460.66185774375,5.567629606114624,3285642.8996832087
2018,40.6,-75.5,5120.194155186386,114.67953420625,1.2209714048496985,2281837.887527815
2018,40.7,-80.0,589.4639080226905,361.5320908875,4.322238773167933,929948.3719031507
2018,40.7,-79.9,285.61689627228526,561.73534551875,6.837439867158313,712804.2489567425
2018,40.7,-79.6,50.0,561.73534551875,6.837439867158313,124783.27757563921
2018,40.7,-79.5,269.14984805510534,561.73534551875,6.837439867158313,671708.0039860266
2018,40.8,-77.9,4723.433498784441,495.64883428125,6.007179311860516,10356696.878119092
2018,40.8,-77.8,200.0728727714749,495.64883428125,6.007179311860516,438683.87209471635
2018,41.0,-75.2,2032.1465863047,114.67953420625,1.2209714048496985,905635.3984044534
2018,41.1,-77.6,89.84590761750405,1657.99394369375,20.60999731386291,675879.2288502918
2018,41.2,-79.8,50.0,237.1339520875,2.7593953749603184,50358.96559302581
2018,41.5,-75.7,1441.8716673419776,217.6967429,2.515201093990379,1323707.9762086798
2018,41.8,-79.1,1255.5154578606162,794.98185576875,9.76777123879759,4476209.5393922
2018,41.8,-76.8,173.9794773095624,919.37999456875,11.330614637005203,719522.4604319185
2018,41.9,-79.2,50.0,794.98185576875,9.76777123879759,178261.82510805601
2018,42.2,-79.9,94.25357576985414,940.760924675,11.599228346072136,399043.09294274775
2019,39.7,-76.1,50.0,458.718136825,5.543210178017631,101163.58574882177
2019,39.8,-79.9,267.84019448946515,1072.93394715,13.259749456667725,1296295.263774744
2019,39.8,-77.4,285.84838938411673,1014.6223195875,12.527166613757906,1307017.6960325497
2019,39.8,-75.9,420.27575972447335,101.073487775,1.0500354081707408,161076.1165508928
2019,39.9,-79.6,93.88175648298218,1072.93394715,13.259749456667725,454369.72787342564
2019,39.9,-76.7,2561.5841977309565,458.718136825,5.543210178017631,5182780.852799648
2019,39.9,-75.7,853.6681523500811,101.073487775,1.0500354081707408,327179.352180277
2019,39.9,-75.6,3535.9833468395464,101.073487775,1.0500354081707408,1355211.316662516
2019,39.9,-75.4,9706.48951580227,101.073487775,1.0500354081707408,3720137.5534301153
2019,39.9,-75.3,7421.187986223664,101.073487775,1.0500354081707408,2844266.207022549
2019,39.9,-75.2,12196.91054497569,101.073487775,1.0500354081707408,4674623.59901818
2019,40.0,-76.0,324.8359501620746,101.073487775,1.0500354081707408,124497.576073692
2019,40.0,-75.3,8115.753555510535,101.073487775,1.0500354081707408,3110467.43800488
2019,40.0,-75.2,26716.33472447326,101.073487775,1.0500354081707408,10239380.564592022
2019,40.1,-79.6,342.08323541329014,1072.93394715,13.259749456667725,1655617.3681408768
2019,40.1,-77.0,880.5536264181524,17.49348826875,0.0,0.0
2019,40.1,-76.3,4246.9990579416535,458.718136825,5.543210178017631,8592833.067464914
2019,40.1,-75.4,3742.44349675851,101.073487775,1.0500354081707408,1434339.837406286
2019,40.1,-75.3,3901.111274311184,101.073487775,1.0500354081707408,1495151.3137729005
2019,40.1,-75.2,5682.726853727716,101.073487775,1.0500354081707408,2177978.5101525364
2019,40.1,-75.1,6114.380024311184,101.073487775,1.0500354081707408,2343415.1664565955
2019,40.1,-75.0,6248.40882293355,101.073487775,1.0500354081707408,2394783.4357144414
2019,40.1,-74.9,3728.276083873582,101.073487775,1.0500354081707408,1428909.993318744
2019,40.2,-76.2,1645.6301559967587,101.073487775,1.0500354081707408,630709.0253807998
2019,40.2,-75.5,1539.5376114262565,101.073487775,1.0500354081707408,590047.6865359845
2019,40.2,-75.3,5603.8096535656405,101.073487775,1.0500354081707408,2147732.473265921
2019,40.2,-75.2,1180.9680004051863,101.073487775,1.0500354081707408,452621.24896484584
2019,40.2,-75.1,4248.049837925446,101.073487775,1.0500354081707408,1628120.0021059285
2019,40.3,-80.1,1726.1054092382496,1072.93394715,13.259749456667725,8354019.720738808
2019,40.3,-80.0,2805.1839850081037,1072.93394715,13.259749456667725,13576553.439688435
2019,40.3,-78.2,1.1594813614262562,17.49348826875,0.0,0.0
2019,40.3,-76.2,204.3223561588331,101.073487775,1.0500354081707408,78309.18365639144
2019,40.3,-75.9,3471.16109197731,101.073487775,1.0500354081707408,1330367.349724888
2019,40.3,-75.6,2318.8540214748787,101.073487775,1.0500354081707408,888730.7725586244
2019,40.3,-75.2,766.5621150729336,101.073487775,1.0500354081707408,293794.8376369245
2019,40.4,-80.1,2684.308053079417,1072.93394715,13.259749456667725,12991537.070647238
2019,40.4,-80.0,15422.877562803891,1072.93394715,13.259749456667725,74643774.72002923
2019,40.4,-79.9,4962.761395867099,1072.93394715,13.259749456667725,24018815.043683417
2019,40.4,-75.4,2825.2937398703407,101.073487775,1.0500354081707408,1082830.3398516523
2019,40.5,-80.1,1872.634866288493,1072.93394715,13.259749456667725,9063194.240044147
2019,40.5,-80.0,4298.34234197731,1072.93394715,13.259749456667725,20803154.024766013
2019,40.6,-80.0,1761.505824554295,581.17255470625,7.081634148128253,4553134.026741036
2019,40.6,-77.4,355.2361021069692,447.0558113125,5.396693609435667,699741.6467597537
2019,40.6,-76.0,9.565721231766611,101.073487775,1.0500354081707408,3666.1862892866347
2019,40.6,-75.4,3774.5828707455426,412.068834775,4.957143903689777,6829569.920341165
2019,40.6,-75.3,427.051478930308,412.068834775,4.957143903689777,772688.806899494
2019,40.7,-78.6,28.371059562398703,404.2939511,4.8594661913018005,50321.89473553344
2019,40.7,-78.5,144.39166329011346,793.03813485,9.743351810700593,513503.45249824604
2019,40.7,-75.4,1445.4384521880063,412.068834775,4.957143903689777,2615314.940169235
2019,40.7,-75.3,2690.75766815235,412.068834775,4.957143903689777,4868542.634410598
2019,40.7,-75.2,5204.585727309563,412.068834775,4.957143903689777,9416956.34941765
2019,40.8,-79.8,300.0158022690438,581.17255470625,7.081634148128253,775479.7848691923
2019,40.8,-79.5,690.2175141815235,581.17255470625,7.081634148128253,1784071.790093387
2019,40.8,-77.9,4853.697680307942,826.08139046875,10.158482088349492,17996763.345900174
2019,40.8,-77.8,205.59053889789303,826.08139046875,10.158482088349492,762298.0495288535
2019,40.8,-76.4,326.43023703403566,532.5795317375,6.471148445703403,771018.1601698885
2019,40.8,-75.4,406.4344509724474,412.068834775,4.957143903689777,735385.2322239627
2019,40.8,-75.3,211.46041329011348,412.068834775,4.957143903689777,382607.48999367445
2019,40.9,-80.0,50.0,581.17255470625,7.081634148128253,129239.82320334061
2019,40.9,-77.8,1101.7971636953,826.08139046875,10.158482088349492,4085294.1646234374
2019,40.9,-76.6,140.26101094003243,532.5795317375,6.471148445703403,331292.18537214334
2019,40.9,-75.7,318.53127025931934,849.40604149375,10.45151522551342,1215134.0636348533
2019,41.0,-76.5,50.0,532.5795317375,6.471148445703403,118098.45913408711
2019,41.0,-75.1,30.79872366288493,412.068834775,4.957143903689777,55725.90241511708
2019,41.1,-80.4,50.0,581.17255470625,7.081634148128253,129239.82320334061
2019,41.1,-80.0,44.313928282009726,581.17255470625,7.081634148128253,114542.48513224904
2019,41.1,-76.7,101.16474878444086,532.5795317375,6.471148445703403,238948.01900258957
2019,41.2,-79.8,50.0,581.17255470625,7.081634148128253,129239.82320334061
2019,41.2,-79.5,224.86691653160457,581.17255470625,7.081634148128253,581235.2107364985
2019,41.3,-75.9,2327.224027552674,849.40604149375,10.45151522551342,8877901.335358815
2019,41.3,-75.8,1297.6770461912483,849.40604149375,10.45151522551342,4950382.3632144965
2019,41.5,-80.0,18.298065235008107,794.9818557687499,9.767771238797588,65236.93009477629
2019,41.6,-80.2,50.0,794.9818557687499,9.767771238797588,178261.82510805596
2020,39.8,-77.2,1108.5480956239871,598.666042975,7.301409001001198,2954296.5108525762
2020,39.8,-77.0,10391.804841977311,598.666042975,7.301409001001198,27694308.354599256
2020,39.8,-75.4,2191.5735463938413,1360.604643125,16.873824815022832,13497783.253247118
2020,39.8,-75.3,50.0,1360.604643125,16.873824815022832,307947.3028741667
2020,39.9,-79.6,102.84474777147489,1364.4920849625,16.922663671216824,635248.5830640454
2020,39.9,-76.4,170.12450364667748,1360.604643125,16.873824815022832,1047787.6410160133
2020,39.9,-75.6,3873.5674432739065,1360.604643125,16.873824815022832,23857092.933147624
2020,39.9,-75.4,10633.17840863047,1360.604643125,16.873824815022832,65489172.23835155
2020,39.9,-75.3,8129.696707860617,1360.604643125,16.873824815022832,50070363.487413384
2020,39.9,-75.2,13361.362586102108,1360.604643125,16.873824815022832,82291911.42227891
2020,39.9,-75.1,1850.80852917342,1360.604643125,16.873824815022832,11399029.893909164
2020,40.0,-77.6,3.492990275526742,598.666042975,7.301409001001198,9308.868982921322
2020,40.0,-77.5,50.0,598.666042975,7.301409001001198,133250.71426827187
2020,40.0,-77.1,175.00675141815236,598.666042975,7.301409001001198,466395.492564774
2020,40.0,-76.7,3072.7597295380874,312.93906791874997,3.711753070743083,4162943.7570455684
2020,40.0,-76.3,5540.398586912481,1360.604643125,16.873824815022832,34123016.033750854
2020,40.0,-75.9,289.36248987034037,1360.604643125,16.873824815022832,1782167.9661704937
2020,40.0,-75.3,8890.573191855756,1360.604643125,16.873824815022832,54756560.70874703
2020,40.0,-75.2,29266.97165721232,1360.604643125,16.873824815022832,180253699.70266432
2020,40.0,-75.1,48771.789662682335,1360.604643125,16.873824815022832,300382821.6593838
2020,40.0,-75.0,1368.2201681523502,1360.604643125,16.873824815022832,8426794.2104111
2020,40.0,-74.9,50.0,1360.604643125,16.873824815022832,307947.3028741667
2020,40.1,-80.5,64.50124088330632,180.76604544375,2.0512319601474935,48292.057470688684
2020,40.1,-78.5,50.0,272.12092862500003,3.1989450807062103,58380.74772288834
2020,40.1,-77.1,235.14175445705024,608.38464756875,7.423506141486167,637135.3342910869
2020,40.1,-76.5,787.7090002025933,1360.604643125,16.873824815022832,4851457.2412419
2020,40.1,-76.4,636.0417747163697,1360.604643125,16.873824815022832,3917346.980784088
2020,40.1,-76.3,4652.464581645057,1360.604643125,16.873824815022832,28654278.39270367
2020,40.1,-76.2,771.7126924635331,1360.604643125,16.873824815022832,4752936.844758126
2020,40.1,-75.7,438.09242807941655,1360.604643125,16.873824815022832,2698187.6327330233
2020,40.1,-75.5,1819.2525374797408,1360.604643125,16.873824815022832,11204678.2432774
2020,40.1,-75.4,4099.738563614263,1360.604643125,16.873824815022832,25250068.663084447
2020,40.1,-75.3,4273.5545228930305,1360.604643125,16.873824815022832,26320591.7802121
2020,40.1,-75.2,6225.262839343599,1360.604643125,16.873824815022832,38341058.02117276
2020,40.1,-75.1,6698.126397893031,1360.604643125,16.873824815022832,41253399.17082833
2020,40.1,-75.0,6844.951068679093,1360.604643125,16.873824815022832,42157684.39810743
2020,40.1,-74.9,4084.218572730957,1360.604643125,16.873824815022832,25154481.876421534
2020,40.2,-80.0,104.55154983792544,180.76604544375,2.0512319601474935,78277.71038633474
2020,40.2,-79.9,929.5720370745544,1364.4920849625,16.922663671216824,5741754.753676912
2020,40.2,-77.2,2270.0864414505677,608.38464756875,7.423506141486167,6150980.233531661
2020,40.2,-77.0,3010.6797660048624,608.38464756875,7.423506141486167,8157676.90253961
2020,40.2,-76.9,3863.3663239465154,312.93906791874997,3.711753070743083,5234049.562954571
2020,40.2,-76.8,1005.7033478525124,312.93906791874997,3.711753070743083,1362516.7087215788
2020,40.2,-76.7,907.2645309967586,312.93906791874997,3.711753070743083,1229152.796749778
2020,40.2,-76.2,1802.7402198136144,1360.604643125,16.873824815022832,11102979.7694877
2020,40.2,-76.0,1.1907921393841168,1360.604643125,16.873824815022832,7334.02455214195
2020,40.2,-75.6,448.6110919773096,1360.604643125,16.873824815022832,2762971.5162769444
2020,40.2,-75.5,1686.5189070097244,1360.604643125,16.873824815022832,10387178.973198643
2020,40.2,-75.4,13223.984866288494,1360.604643125,16.873824815022832,81445809.45644678
2020,40.2,-75.2,1293.7162732982174,1360.604643125,16.873824815022832,7967928.740932087
2020,40.2,-75.1,4653.615680713128,1360.604643125,16.873824815022832,28661367.94977074
2020,40.2,-75.0,2904.7786517423015,1360.604643125,16.873824815022832,17890375.02501
2020,40.2,-74.8,3397.766597447326,439.2809276375,5.299015897047691,6571759.013230823
2020,40.3,-80.1,1890.898531199352,180.76604544375,2.0512319601474935,1415715.097716103
2020,40.3,-80.0,3072.9978879659648,180.76604544375,2.0512319601474935,2300752.4906604597
2020,40.3,-79.6,809.6195755672611,592.8348802187501,7.228150716710217,2135999.0951206787
2020,40.3,-79.4,1126.330591572123,592.8348802187501,7.228150716710217,2971569.854544509
2020,40.3,-76.9,5796.974599878445,312.93906791874997,3.711753070743083,7853682.469323242
2020,40.3,-76.8,4435.06563006483,312.93906791874997,3.711753070743083,6008581.992039186
2020,40.3,-76.2,223.82922913290113,1360.604643125,16.873824815022832,1378552.1483176153
2020,40.3,-75.4,2805.506280388979,1360.604643125,16.873824815022832,17278961.844846435
2020,40.3,-75.2,839.7466166936791,1360.604643125,16.873824815022832,5171954.114170503
2020,40.3,-75.0,2653.5612034035657,1360.604643125,16.873824815022832,16343140.311993122
2020,40.4,-80.2,430.35227917341984,180.76604544375,2.0512319601474935,322204.6074444349
2020,40.4,-80.1,2940.5818020664506,180.76604544375,2.0512319601474935,2201612.611446787
2020,40.4,-80.0,16895.316111223663,592.8348802187501,7.228150716710217,44574490.309311256
2020,40.4,-79.9,5436.561512358186,592.8348802187501,7.228150716710217,14343144.387076713
2020,40.4,-79.8,2212.213943476499,592.8348802187501,7.228150716710217,5836428.767385436
2020,40.4,-79.5,41.32048723662885,592.8348802187501,7.228150716710217,109014.80894350278
2020,40.4,-77.2,165.91703808752027,608.38464756875,7.423506141486167,449565.4451952639
2020,40.4,-75.5,800.8077137358185,1360.604643125,16.873824815022832,4932131.511315461
2020,40.4,-75.2,1814.767220421394,1360.604643125,16.873824815022832,11177053.417464333
2020,40.5,-80.2,2194.1932891004867,180.76604544375,2.0512319601474935,1642791.7814905846
2020,40.5,-80.1,2051.417311588331,180.76604544375,2.0512319601474935,1535895.454892389
2020,40.5,-80.0,4708.7096636953,592.8348802187501,7.228150716710217,12422871.04260312
2020,40.5,-79.9,3489.2194337520264,592.8348802187501,7.228150716710217,9205520.442054383
2020,40.5,-79.8,2479.9834025526743,592.8348802187501,7.228150716710217,6542878.240135551
2020,40.5,-79.7,818.9077542544571,592.8348802187501,7.228150716710217,2160503.8648543763
2020,40.5,-79.4,240.460626012966,592.8348802187501,7.228150716710217,634401.2608835158
2020,40.5,-78.2,50.0,272.12092862500003,3.1989450807062103,58380.74772288834
2020,40.6,-80.1,1295.5024615072934,194.372091875,2.2221679568264516,1050770.7811522249
2020,40.6,-80.0,1929.6786618719616,194.372091875,2.2221679568264516,1565145.5826250208
2020,40.6,-79.9,1165.5870391004862,194.372091875,2.2221679568264516,945397.5117511821
2020,40.6,-79.7,2073.645431523501,194.372091875,2.2221679568264516,1681915.7775891458
2020,40.6,-78.7,113.52218395461917,363.47581180625,4.346658201264927,180106.37814782566
2020,40.6,-75.7,541.5722649918963,1360.604643125,16.873824815022832,3335514.3663141592
2020,40.6,-75.5,5763.7118061183155,188.54092911875,2.1489096725354693,4520779.058204203
2020,40.7,-79.7,711.6173824959483,194.372091875,2.2221679568264516,577186.6708896712
2020,40.7,-79.5,302.9772133306321,194.372091875,2.2221679568264516,245742.18311584447
2020,40.7,-79.2,80.4578555510535,194.372091875,2.2221679568264516,65258.66699539065
2020,40.7,-78.5,158.1768891815235,363.47581180625,4.346658201264927,250952.41850317657
2020,40.7,-78.1,81.33110311993518,363.47581180625,4.346658201264927,129034.25483387925
2020,40.7,-75.2,5701.473070299839,188.54092911875,2.1489096725354693,4471961.979390755
2020,40.8,-79.8,328.65863047001625,194.372091875,2.2221679568264516,266572.1572382016
2020,40.8,-79.7,50.0,194.372091875,2.2221679568264516,40554.56521208274
2020,40.8,-78.5,91.33375709076176,363.47581180625,4.346658201264927,144903.7678734779
2020,40.8,-77.9,5317.085367706645,363.47581180625,4.346658201264927,8435716.742934257
2020,40.8,-77.8,225.2184866288493,608.38464756875,7.423506141486167,610247.4488129013
2020,40.8,-76.0,438.17181422204226,188.54092911875,2.1489096725354693,343680.9521821689
2020,40.8,-75.3,231.64876418152355,188.54092911875,2.1489096725354693,181694.17854290584
2020,40.8,-75.2,21.593030794165315,439.2809276375,5.299015897047691,41763.961906958655
2020,40.9,-79.5,38.66105145867099,194.372091875,2.2221679568264516,31357.642650967187
2020,40.9,-79.4,72.99555814424636,194.372091875,2.2221679568264516,59206.062459064335
2020,40.9,-79.3,105.34541126418154,194.372091875,2.2221679568264516,85444.74701813851
2020,40.9,-76.5,50.0,312.93906791874997,3.711753070743083,67739.49354106127
2020,40.9,-76.1,41.39987337925446,188.54092911875,2.1489096725354693,32472.074746444614
2020,40.9,-75.5,423.6044570502431,188.54092911875,2.1489096725354693,332255.01600580715
2020,41.0,-80.1,50.0,314.8827888375,3.7361724988400775,68185.14810383142
2020,41.0,-77.9,50.0,1949.55208150625,24.272911528412006,442980.6353935191
2020,41.0,-76.9,881.2655692868719,312.93906791874997,3.711753070743083,1193929.6667733546
2020,41.0,-76.6,773.4194945299839,312.93906791874997,3.711753070743083,1047820.8970848942
2020,41.0,-76.5,100.0,312.93906791874997,3.711753070743083,135478.98708212253
2020,41.0,-76.4,1205.6770411264183,176.87860360625,2.0023931039535054,881197.3783525116
2020,41.1,-80.0,48.54462621555916,314.8827888375,3.7361724988400775,66200.45056306077
2020,41.1,-79.4,50.0,194.372091875,2.2221679568264516,40554.56521208274
2020,41.1,-78.8,880.8289455024311,1088.4837145,13.455104881443676,4325850.733186526
2020,41.1,-78.7,83.87145968395463,1088.4837145,13.455104881443676,411902.2396116953
2020,41.1,-76.6,50.0,312.93906791874997,3.711753070743083,67739.49354106127
2020,41.1,-75.5,58.42820097244733,188.54092911875,2.1489096725354693,45828.27806976651
2020,41.1,-75.0,395.898693273906,439.2809276375,5.299015897047691,765723.816286775
2020,41.2,-80.4,50.0,314.8827888375,3.7361724988400775,68185.14810383142
2020,41.2,-80.1,621.9507344003242,314.8827888375,3.7361724988400775,848156.0587674566
2020,41.2,-75.9,2806.6176863857377,176.87860360625,2.0023931039535054,2051282.4437382515
2020,41.2,-75.4,693.5173419773096,2528.78091529375,31.54990110131621,7986347.29627261
2020,41.3,-80.4,117.01517423014587,314.8827888375,3.7361724988400775,159573.9397055627
2020,41.3,-79.4,152.06415619935171,730.83906545,8.961930111596788,497417.7442231975
2020,41.3,-75.9,2549.406584278768,176.87860360625,2.0023931039535054,1863293.6696897151
2020,41.3,-75.1,50.0,439.2809276375,5.299015897047691,96707.04012112036
2020,41.3,-74.8,50.0,439.2809276375,5.299015897047691,96707.04012112036
2020,41.4,-80.4,684.5467078606159,314.8827888375,3.7361724988400775,933518.3731893263
2020,41.4,-80.1,50.0,314.8827888375,3.7361724988400775,68185.14810383142
2020,41.4,-75.7,3632.035104335495,176.87860360625,2.0023931039535054,2654558.1468770327
2020,41.5,-75.7,1623.0893790518642,2528.78091529375,31.54990110131621,18691032.926504314
2020,41.6,-79.7,432.7338634521881,730.83906545,8.961930111596788,1415517.6840306185
2020,41.7,-80.1,200.56908934359808,314.8827888375,3.7361724988400775,273516.66123887664
2020,41.7,-77.8,50.0,1949.55208150625,24.272911528412006,442980.6353935191
2020,41.8,-76.8,195.8456138573744,874.6744134375,10.76896779077434,769805.1142719901
2020,41.9,-75.8,100.0,2528.78091529375,31.54990110131621,1151571.3901980417
2020,42.0,-80.4,567.6903059157212,314.8827888375,3.7361724988400775,774160.9517194562
2021,39.7,-77.3,50.0,48.59302296875,0.39071084955190355,7130.473004322241
2021,39.8,-77.8,50.0,3413.173933325,42.66074088544847,778558.5211594346
2021,39.8,-77.2,900.757212317666,48.59302296875,0.39071084955190355,128456.49971759348
2021,39.8,-75.7,22.22220421393841,482.04278785,5.83624331518156,47338.379639152095
2021,39.8,-75.3,50.0,482.04278785,5.83624331518156,106511.44050206346
2021,39.9,-76.8,772.3586709886547,206.0344173875,2.368684525408415,667758.0216930801
2021,39.9,-75.7,759.8768233387359,482.04278785,5.83624331518156,1618711.501158815
2021,39.9,-75.6,3147.4897893030793,482.04278785,5.83624331518156,6704873.428484144
2021,39.9,-75.5,4371.517179902755,482.04278785,5.83624331518156,9312331.84021921
2021,39.9,-75.4,8640.051053484602,482.04278785,5.83624331518156,18405285.674360316
2021,39.9,-75.3,6605.832414910859,482.04278785,5.83624331518156,14071934.524547605
2021,39.9,-75.2,10856.852998379254,482.04278785,5.83624331518156,23127581.043530427
2021,39.9,-75.0,50.0,482.04278785,5.83624331518156,106511.44050206346
2021,40.0,-77.6,2.8382495948136146,3413.173933325,42.66074088544847,44194.868144389045
2021,40.0,-76.7,2496.788816855754,206.0344173875,2.368684525408415,2158648.3373001385
2021,40.0,-76.6,1906.9166936790923,206.0344173875,2.368684525408415,1648662.6831996352
2021,40.0,-76.5,831.8974068071311,206.0344173875,2.368684525408415,719233.4176944757
2021,40.0,-76.4,2772.840842787682,206.0344173875,2.368684525408415,2397314.5964420377
2021,40.0,-76.3,4501.883144246353,206.0344173875,2.368684525408415,3892192.4427252603
2021,40.0,-75.7,3730.105024311183,482.04278785,5.83624331518156,7945977.187267371
2021,40.0,-75.6,3954.423500810373,482.04278785,5.83624331518156,8423826.868530512
2021,40.0,-75.5,2040.7982171799028,482.04278785,5.83624331518156,4347367.157717488
2021,40.0,-75.4,3261.6970826580227,482.04278785,5.83624331518156,6948161.095105679
2021,40.0,-75.3,7224.087034035656,482.04278785,5.83624331518156,15388958.326148337
2021,40.0,-75.2,23781.04829821718,482.04278785,5.83624331518156,50659074.21784514
2021,40.0,-75.1,39629.8017828201,482.04278785,5.83624331518156,84420545.49398823
2021,40.0,-75.0,1111.7552674230146,482.04278785,5.83624331518156,2368293.1003796416
2021,40.1,-78.9,57.764829821718,299.3330214875,3.5408170740641256,74655.16393529892
2021,40.1,-77.5,943.0084278768232,48.59302296875,0.39071084955190355,134481.92275648087
2021,40.1,-76.8,162.5865478119935,206.0344173875,2.368684525408415,140567.42754227322
2021,40.1,-76.6,273.37504051863857,206.0344173875,2.368684525408415,236351.81825993015
2021,40.1,-76.3,3780.3871961102104,206.0344173875,2.368684525408415,3268408.797789602
2021,40.1,-75.5,1478.2442463533223,482.04278785,5.83624331518156,3148998.481859591
2021,40.1,-75.4,3331.2664505672615,482.04278785,5.83624331518156,7096359.7669223
2021,40.1,-75.3,3472.5016207455433,482.04278785,5.83624331518156,7397222.995427158
2021,40.1,-75.2,5058.37358184765,482.04278785,5.83624331518156,10775493.136003513
2021,40.1,-75.0,5561.904862236629,482.04278785,5.83624331518156,11848129.976245083
2021,40.1,-74.9,3318.655591572123,482.04278785,5.83624331518156,7069495.751771488
2021,40.2,-80.3,1578.7763371150731,213.8093010625,2.466362237796391,1421249.5340222993
2021,40.2,-80.1,166.77941653160454,211.86558014375,2.4419428096993974,148652.01590690255
2021,40.2,-79.7,178.1646677471637,83.57999950625,0.8302605552977951,53991.93003204567
2021,40.2,-79.3,50.0,83.57999950625,0.8302605552977951,15152.255134184761
2021,40.2,-77.0,2446.345380875203,48.59302296875,0.39071084955190355,348871.99395158084
2021,40.2,-76.3,1669.4068071312804,206.0344173875,2.368684525408415,1443318.795792117
2021,40.2,-75.8,196.6777957860616,482.04278785,5.83624331518156,418968.7068788818
2021,40.2,-75.3,4988.126904376014,482.04278785,5.83624331518156,10625851.639843756
2021,40.2,-75.1,3781.3225283630472,482.04278785,5.83624331518156,8055082.189977058
2021,40.2,-74.9,4311.881685575364,482.04278785,5.83624331518156,9185294.592101948
2021,40.2,-74.8,2760.8750405186383,482.04278785,5.83624331518156,5881295.55223666
2021,40.3,-80.2,1377.8089141004862,213.8093010625,2.466362237796391,1240334.1949723922
2021,40.3,-80.1,1536.4606158833064,213.8093010625,2.466362237796391,1383155.9816497304
2021,40.3,-80.0,2496.9823338735823,211.86558014375,2.4419428096993974,2225583.1404943904
2021,40.3,-79.4,915.206482982172,83.57999950625,0.8302605552977951,277348.84261211584
2021,40.3,-78.7,86.88914100486224,303.22046332499997,3.589655930258113,113844.27390334503
2021,40.3,-77.1,50.0,48.59302296875,0.39071084955190355,7130.473004322241
2021,40.3,-76.9,4710.365478119936,206.0344173875,2.368684525408415,4072439.9832198564
2021,40.3,-76.8,3603.738411669368,206.0344173875,2.368684525408415,3115683.5844095135
2021,40.3,-76.7,1296.1124797406808,206.0344173875,2.368684525408415,1120579.7744919246
2021,40.3,-76.4,1400.9341977309564,206.0344173875,2.368684525408415,1211205.4716774807
2021,40.3,-76.0,2677.598217179903,206.0344173875,2.368684525408415,2314970.6937377467
2021,40.3,-75.9,3089.789465153971,482.04278785,5.83624331518156,6581958.535632992
2021,40.3,-75.8,495.08103727714746,482.04278785,5.83624331518156,1054635.888912895
2021,40.3,-75.5,213.0622366288493,482.04278785,5.83624331518156,453871.31479860493
2021,40.3,-75.4,2279.6304700162073,482.04278785,5.83624331518156,4856134.503476445
2021,40.3,-75.2,682.3410048622367,482.04278785,5.83624331518156,1453542.4668300464
2021,40.3,-75.0,2156.1666126418154,482.04278785,5.83624331518156,4593128.2374986885
2021,40.4,-80.2,349.68525121555916,213.8093010625,2.466362237796391,314794.4320300259
2021,40.4,-80.1,2389.386871961102,213.8093010625,2.466362237796391,2150979.1466593253
2021,40.4,-80.0,13728.38752025932,213.8093010625,2.466362237796391,12358599.446518034
2021,40.4,-79.9,4417.509724473258,83.57999950625,0.8302605552977951,1338704.6880592206
2021,40.4,-78.8,216.964829821718,785.2632511749999,9.645674098312618,763861.7943284949
2021,40.4,-75.8,602.7087520259319,482.04278785,5.83624331518156,1283907.5476296593
2021,40.4,-75.0,464.08606158833067,750.2762746375,9.206124392566727,1559438.4143210726
2021,40.5,-80.2,1782.90453808752,213.8093010625,2.466362237796391,1605010.2756122302
2021,40.5,-80.1,1666.8910858995137,213.8093010625,2.466362237796391,1500572.388505423
2021,40.5,-80.0,3826.089465153971,213.8093010625,2.466362237796391,3444330.7399795162
2021,40.5,-79.9,2835.185575364668,213.8093010625,2.466362237796391,2552297.0436819247
2021,40.5,-79.8,2015.1249594813617,83.57999950625,0.8302605552977951,610673.7502665063
2021,40.5,-77.1,50.0,48.59302296875,0.39071084955190355,7130.473004322241
2021,40.5,-76.3,102.01572123176662,326.54511435,3.8826890674220413,144574.79381909053
2021,40.5,-75.8,520.9155591572123,326.54511435,3.8826890674220413,738231.898505258
2021,40.5,-75.3,55.47487844408428,750.2762746375,9.206124392566727,186408.65054084684
2021,40.6,-80.2,1478.857050243112,213.8093010625,2.466362237796391,1331299.972093779
2021,40.6,-80.1,1052.6680713128042,213.8093010625,2.466362237796391,947635.1847072485
2021,40.6,-80.0,1567.9716369529983,213.8093010625,2.466362237796391,1411522.9028905837
2021,40.6,-79.5,299.6288492706645,83.57999950625,0.8302605552977951,90801.05539422596
2021,40.6,-79.2,2225.735980551053,785.2632511749999,9.645674098312618,7836084.222508561
2021,40.6,-75.5,4683.337601296596,750.2762746375,9.206124392566727,15737116.813421361
2021,40.6,-75.4,3359.87471636953,750.2762746375,9.206124392566727,11289969.972553276
2021,40.7,-80.3,1563.52074554295,213.8093010625,2.466362237796391,1407516.111558713
2021,40.7,-79.9,261.2479740680713,213.8093010625,2.466362237796391,235181.23034894018
2021,40.7,-79.7,578.2288492706645,83.57999950625,0.8302605552977951,175229.42100190342
2021,40.7,-78.5,128.52755267423015,476.21162509375,5.762985030890577,270356.36217328475
2021,40.7,-78.0,57.57131280388978,431.5060439625,5.201338184659715,109298.47168416914
2021,40.7,-77.9,9.579092382495949,431.5060439625,5.201338184659715,18185.7961289626
2021,40.7,-76.8,63.47358184764992,66.08651123749999,0.6104857024248492,14143.645682884558
2021,40.7,-75.5,2167.487358184765,750.2762746375,9.206124392566727,7283267.757149144
2021,40.7,-75.4,1286.630145867099,750.2762746375,9.206124392566727,4323380.167078757
2021,40.7,-75.2,4632.765153970827,750.2762746375,9.206124392566727,15567181.48548645
2021,40.8,-80.3,22.25445705024311,213.8093010625,2.466362237796391,20033.956659354168
2021,40.8,-79.8,267.05348460291737,213.8093010625,2.466362237796391,240407.47991225004
2021,40.8,-79.5,614.3842787682335,785.2632511749999,9.645674098312618,2163044.9413057086
2021,40.8,-79.4,50.0,785.2632511749999,9.645674098312618,176033.55229420526
2021,40.8,-79.3,67.31166936790923,785.2632511749999,9.645674098312618,236982.2453937221
2021,40.8,-77.9,4320.42868719611,431.5060439625,5.201338184659715,8202283.907256516
2021,40.9,-79.9,2753.3601296596435,213.8093010625,2.466362237796391,2478635.9595590527
2021,40.9,-79.4,59.3129659643436,785.2632511749999,9.645674098312618,208821.44191617394
2021,40.9,-79.3,85.59902755267423,785.2632511749999,9.645674098312618,301366.01786053594
2021,40.9,-78.1,50.0,431.5060439625,5.201338184659715,94924.42187003979
2021,40.9,-77.8,980.7442463533224,431.5060439625,5.201338184659715,1861931.6117491403
2021,40.9,-76.9,81.82544570502432,225.471626575,2.612878806378355,78036.99011036911
2021,40.9,-76.1,33.63970826580227,326.54511435,3.8826890674220413,47673.57254293753
2021,40.9,-75.7,283.5346839546191,1111.808365525,13.748138018607605,1422796.9983456926
2021,41.0,-80.4,192.45267423014587,874.6744134375,10.76896779077434,756468.5772619821
2021,41.0,-80.3,2719.5591572123176,874.6744134375,10.76896779077434,10689698.413730573
2021,41.0,-80.1,50.0,874.6744134375,10.76896779077434,196533.66218163172
2021,41.0,-79.9,79.05170178282009,213.8093010625,2.466362237796391,71164.09822040153
2021,41.0,-76.6,628.4465153970827,66.08651123749999,0.6104857024248492,140035.02852185245
2021,41.0,-76.4,979.6799027552674,66.08651123749999,0.6104857024248492,218299.40935854596
2021,41.1,-80.2,93.17844408427877,874.6744134375,10.76896779077434,366254.01704539405
2021,41.1,-78.8,715.7226904376013,1751.29254779375,21.78212986251862,5690337.074862011
2021,41.1,-78.7,68.15024311183144,1751.29254779375,21.78212986251862,541826.9676528065
2021,41.1,-77.6,82.18022690437601,431.5060439625,5.201338184659715,156018.21056093168
2021,41.1,-77.3,50.0,264.34604494999996,3.1012673683182337,56598.12947180777
2021,41.2,-80.1,505.36969205834686,874.6744134375,10.76896779077434,1986443.1267166075
2021,41.2,-76.9,149.94343598055104,264.34604494999996,3.1012673683182337,169730.36006149894
2021,41.2,-76.4,45.99254457050243,666.69627513125,8.156088984395987,136918.53943957298
2021,41.2,-75.9,2280.5335494327387,1111.808365525,13.748138018607605,11443877.84768823
2021,41.2,-75.5,166.42463533225282,750.2762746375,9.206124392566727,559225.9516225404
2021,41.2,-75.4,563.5215559157213,750.2762746375,9.206124392566727,1893565.0827032996
2021,41.2,-75.3,227.41474878444083,750.2762746375,9.206124392566727,764167.0900950644
2021,41.3,-80.5,225.41507293354945,874.6744134375,10.76896779077434,886032.9958914017
2021,41.3,-77.0,338.0097244732577,264.34604494999996,3.1012673683182337,382614.3629693501
2021,41.3,-76.0,1068.6009724473258,1111.808365525,13.748138018607605,5362314.8844488105
2021,41.4,-80.4,556.232414910859,874.6744134375,10.76896779077434,2186367.8705312796
2021,41.4,-79.8,500.8865478119935,429.56232304375,5.1769187565627215,946462.8719614188
2021,41.4,-78.6,564.19886547812,655.03394961875,8.009572415814022,1649431.9595379971
2021,41.4,-76.1,50.0,1111.808365525,13.748138018607605,250903.5188395888
2021,41.4,-75.7,2951.231280388979,31.0995347,0.1709359966789578,184132.15602534355
2021,41.4,-75.6,1595.3220421393842,31.0995347,0.1709359966789578,99534.75660340718
2021,41.4,-75.2,63.79611021069693,172.99116176875,1.9535542477595178,45489.64416381409
2021,41.5,-75.7,1318.8507293354942,31.0995347,0.1709359966789578,82285.25831975258
2021,41.5,-75.2,411.5139384116694,172.99116176875,1.9535542477595178,293428.90287467337
2021,41.6,-80.0,97.6293354943274,429.56232304375,5.1769187565627215,184477.98541063844
2021,41.6,-75.7,1.8384116693679091,31.0995347,0.1709359966789578,114.70151681851502
2021,41.7,-80.1,162.97358184764994,429.56232304375,5.1769187565627215,307950.8623323277
2021,41.8,-78.0,192.7752025931929,1348.9423176125,16.727308246440867,1176982.736156945
2021,41.8,-76.8,159.1354943273906,132.17302247499998,1.4407462577226442,83684.96179190635
2021,41.9,-80.1,382.9056726094003,429.56232304375,5.1769187565627215,723529.1188619423
2021,41.9,-75.4,14.513776337115074,172.99116176875,1.9535542477595178,10349.009036256995
2021,42.0,-80.2,307.14376012965965,429.56232304375,5.1769187565627215,580371.2768633993
2021,42.0,-78.7,557.8773095623986,279.8958123,3.2966227930941856,671275.5348755145
2022,39.8,-76.9,120.86547811993518,932.986041,11.50155063368416,507401.25200822094
2022,39.8,-75.4,1930.944919975689,31.0995347,0.1709359966789578,120474.81796629842
2022,39.8,-75.1,50.0,31.0995347,0.1709359966789578,3119.58193939098
2022,39.9,-77.3,298.9112388573744,1537.48324673125,19.095992771849282,2083422.5026754017
2022,39.9,-76.8,837.4900476094004,932.986041,11.50155063368416,3515838.478541918
2022,39.9,-76.7,2472.4264586709887,932.986041,11.50155063368416,10379409.407399649
2022,39.9,-75.6,3412.910960291734,31.0995347,0.1709359966789578,212937.10784951242
2022,39.9,-75.5,4740.157997366288,31.0995347,0.1709359966789578,295746.22556887177
2022,39.9,-75.4,9368.64832354133,31.0995347,0.1709359966789578,584525.3221325024
2022,39.9,-75.3,7162.888320502431,31.0995347,0.1709359966789578,446904.34077027946
2022,39.9,-75.2,11772.388497771475,31.0995347,0.1709359966789578,734498.6108228401
2022,40.0,-79.9,410.6488553484603,977.69162213125,12.063197479915022,1808114.4564938804
2022,40.0,-79.2,50.0,969.91673845625,11.965519767527047,218370.7357573686
2022,40.0,-76.7,2707.3377481766615,932.986041,11.50155063368416,11365582.500495488
2022,40.0,-76.3,4881.517448338736,167.1599990125,1.880295963468536,3350224.607105082
2022,40.0,-75.5,2212.8944236223665,31.0995347,0.1709359966789578,138066.10955422695
2022,40.0,-75.4,3536.7491136547815,31.0995347,0.1709359966789578,220663.57318229027
2022,40.0,-75.3,7833.279046799027,31.0995347,0.1709359966789578,488731.1168120807
2022,40.0,-75.2,25786.453910048625,31.0995347,0.1709359966789578,1608859.1179745123
2022,40.0,-75.1,42971.69932637764,31.0995347,0.1709359966789578,2681074.7424701443
2022,40.0,-75.0,1205.507242706645,31.0995347,0.1709359966789578,75213.57244305337
2022,40.1,-79.9,678.8890802269044,977.69162213125,12.063197479915022,2989194.1602332825
2022,40.1,-79.5,50.0,977.69162213125,12.063197479915022,220153.35400844915
2022,40.1,-78.9,62.63601600486225,969.91673845625,11.965519767527047,273557.4579978417
2022,40.1,-77.8,30.321287479740683,155.49767350000002,1.733779394886572,19188.204562464405
2022,40.1,-77.3,100.0,1537.48324673125,19.095992771849282,697003.7361724988
2022,40.1,-76.9,327.41394854132903,932.986041,11.50155063368416,1374505.3591727328
2022,40.1,-76.7,604.1875,932.986041,11.50155063368416,2536418.9900735025
2022,40.1,-76.6,296.42818071312803,932.986041,11.50155063368416,1244425.061348866
2022,40.1,-76.5,694.0322376418153,167.1599990125,1.880295963468536,476319.8954585534
2022,40.1,-75.8,285.20196008914104,495.64883428125,6.007179311860516,625339.6497375882
2022,40.1,-75.7,385.9931371555916,495.64883428125,6.007179311860516,846336.4456350412
2022,40.1,-75.6,1136.0165873176663,31.0995347,0.1709359966789578,70877.93657289536
2022,40.1,-75.5,1602.9014637358189,31.0995347,0.1709359966789578,100007.64913787255
2022,40.1,-75.4,3612.185119529984,31.0995347,0.1709359966789578,225370.14921245174
2022,40.1,-75.3,3765.3303535251216,31.0995347,0.1709359966789578,234925.13133395248
2022,40.1,-75.2,5484.935550040518,31.0995347,0.1709359966789578,342214.11761259864
2022,40.1,-75.1,5901.564728525122,31.0995347,0.1709359966789578,368208.294825076
2022,40.1,-75.0,6030.928560575365,31.0995347,0.1709359966789578,376279.516306563
2022,40.1,-74.9,3598.5108134116695,31.0995347,0.1709359966789578,224516.98684444377
2022,40.2,-80.3,1711.9112135332252,244.9088357625,2.8570730873482946,1785235.2414821712
2022,40.2,-79.7,193.18891815235008,977.69162213125,12.063197479915022,850623.7657700728
2022,40.2,-79.4,50.0,977.69162213125,12.063197479915022,220153.35400844915
2022,40.2,-77.0,2652.6405237034037,1537.48324673125,19.095992771849282,18489003.557438463
2022,40.2,-76.8,886.1020309967586,932.986041,11.50155063368416,3719914.7922836505
2022,40.2,-76.6,1068.6242909238251,443.168369475,5.34785475324168,2085919.3351809715
2022,40.2,-76.0,1.0491794975688815,495.64883428125,6.007179311860516,2300.452420861758
2022,40.2,-75.6,395.2608893841167,31.0995347,0.1709359966789578,24660.974637406125
2022,40.2,-75.5,1485.9529224068074,31.0995347,0.1709359966789578,92711.03799051045
2022,40.2,-75.4,11651.348156401946,31.0995347,0.1709359966789578,726946.705565358
2022,40.2,-75.2,1139.863578808752,31.0995347,0.1709359966789578,71117.956676427
2022,40.2,-75.1,4100.193476499189,31.0995347,0.1709359966789578,255817.79034591172
2022,40.2,-75.0,2559.333493719611,31.0995347,0.1709359966789578,159681.01087772232
2022,40.2,-74.9,4675.493567666127,31.0995347,0.1709359966789578,291711.705828599
2022,40.3,-80.3,60.642574959481365,244.9088357625,2.8570730873482946,63239.99813544607
2022,40.3,-80.1,1666.0270968395462,244.9088357625,2.8570730873482946,1737385.8311282466
2022,40.3,-80.0,2707.547584076175,244.9088357625,2.8570730873482946,2823516.387340311
2022,40.3,-79.4,992.3839141004864,977.69162213125,12.063197479915022,4369532.943065096
2022,40.3,-79.3,274.1156300648299,969.91673845625,11.965519767527047,1197176.6363970314
2022,40.3,-78.9,2407.0625759724476,31.0995347,0.1709359966789578,150180.57877975152
2022,40.3,-78.4,281.1801053484603,52.48046480625,0.4395497057458914,45111.31088714278
2022,40.3,-76.9,5107.580657414911,1537.48324673125,19.095992771849282,35600028.010205805
2022,40.3,-76.8,3907.634066045381,443.168369475,5.34785475324168,7627572.686120914
2022,40.3,-76.6,758.6616946920584,443.168369475,5.34785475324168,1480882.580772379
2022,40.3,-76.3,38.50488756077796,443.168369475,5.34785475324168,75160.26927720413
2022,40.3,-75.6,2238.1446768638575,31.0995347,0.1709359966789578,139641.514233771
2022,40.3,-75.5,231.02932536466776,31.0995347,0.1709359966789578,14414.298217545998
2022,40.3,-75.0,2337.991592382496,31.0995347,0.1709359966789578,145871.12692088785
2022,40.4,-80.0,14886.073465356563,746.3888328,9.15728553637274,49755349.21175746
2022,40.4,-79.9,4790.02899615073,746.3888328,9.15728553637274,16010237.084518846
2022,40.4,-79.8,1949.1306979335495,1166.23255125,14.431882005323434,10267312.849618705
2022,40.4,-79.6,540.0126873987034,1166.23255125,14.431882005323434,2844590.7758592293
2022,40.4,-79.5,36.406528565640194,1166.23255125,14.431882005323434,191776.37443620604
2022,40.4,-78.9,575.0203099675851,31.0995347,0.1709359966789578,35876.45947515764
2022,40.4,-78.8,235.26101600486223,31.0995347,0.1709359966789578,14678.32033143081
2022,40.4,-76.6,50.0,443.168369475,5.34785475324168,97598.34924666064
2022,40.4,-76.4,1077.6822072528364,443.168369475,5.34785475324168,2103600.0888074893
2022,40.4,-75.0,503.22145968395466,31.0995347,0.1709359966789578,31396.811542880623
2022,40.5,-80.2,1933.2531148703408,746.3888328,9.15728553637274,6461723.037236648
2022,40.5,-80.1,1807.4564931118316,746.3888328,9.15728553637274,6041259.248728529
2022,40.5,-80.0,4148.73551458671,746.3888328,9.15728553637274,13866771.838515691
2022,40.5,-79.9,3074.2707911264183,746.3888328,9.15728553637274,10275471.039423423
2022,40.5,-79.8,2185.056194286872,746.3888328,9.15728553637274,7303351.9716982655
2022,40.5,-77.2,248.02603322528364,1537.48324673125,19.095992771849282,1728750.7182606703
2022,40.6,-80.1,1141.4373480551055,746.3888328,9.15728553637274,3815150.7170775463
2022,40.6,-80.0,1700.195375810373,746.3888328,9.15728553637274,5682748.701229393
2022,40.6,-79.9,1026.9718648703406,746.3888328,9.15728553637274,3432560.230620202
2022,40.6,-79.7,1827.0411770664505,1166.23255125,14.431882005323434,9624189.580495942
2022,40.6,-79.2,2413.4275982576983,417.89999753125,5.030402187980758,4431286.686845165
2022,40.6,-79.0,57.66989971636953,417.89999753125,5.030402187980758,105887.5182455575
2022,40.7,-80.0,584.6377886952998,746.3888328,9.15728553637274,1954098.73574929
2022,40.7,-79.5,266.9462368314425,1166.23255125,14.431882005323434,1406175.8559765236
2022,40.7,-79.4,50.0,1166.23255125,14.431882005323434,263381.8465971527
2022,40.7,-79.2,70.88956138573745,417.89999753125,5.030402187980758,130160.09671543061
2022,40.7,-77.9,10.38687702593193,1821.26650086875,22.661229274010402,85913.48162984209
2022,40.7,-75.3,2597.103955632091,159.3851153375,1.7826182510805597,1689820.3926110978
2022,40.8,-80.2,74.84147082658022,746.3888328,9.15728553637274,250150.8221872035
2022,40.8,-80.1,619.225739465154,746.3888328,9.15728553637274,2069705.8213301988
2022,40.8,-77.9,4684.761319894652,1821.26650086875,22.661229274010402,38749294.38291413
2022,40.8,-77.8,198.4348156401945,1821.26650086875,22.661229274010402,1641323.551406478
2022,40.8,-76.1,259.3921444489465,83.57999950625,0.8302605552977951,78607.5190498749
2022,40.9,-79.9,2985.5451782820096,746.3888328,9.15728553637274,9978913.732933266
2022,40.9,-78.1,50.0,1821.26650086875,22.661229274010402,413567.4342506898
2022,40.9,-77.6,148.17911770664506,1821.26650086875,22.661229274010402,1225641.1503893633
2022,40.9,-77.3,23.816374594813613,596.7223220562499,7.276989572904203,63258.701000656314
2022,41.0,-80.1,50.0,746.3888328,9.15728553637274,167120.46103880252
2022,41.0,-77.9,50.0,1821.26650086875,22.661229274010402,413567.4342506898
2022,41.0,-75.7,50.0,204.09069646875,2.344265097311421,42782.83802593344
2022,41.1,-79.9,567.1864363857375,746.3888328,9.15728553637274,1895769.1748747975
2022,41.1,-78.8,776.0780743517018,101.073487775,1.0500354081707408,297441.9520146019
2022,41.1,-77.5,253.4118213128039,596.7223220562499,7.276989572904203,673087.441190537
2022,41.1,-76.3,50.0,439.2809276375,5.299015897047691,96707.04012112036
2022,41.1,-75.6,97.6786112236629,204.09069646875,2.344265097311421,83579.36405160188
2022,41.1,-75.5,51.479740680713135,159.3851153375,1.7826182510805597,33495.58473389176
2022,41.1,-75.0,348.8172102917342,159.3851153375,1.7826182510805597,226959.89275532364
2022,41.2,-79.4,462.513295178282,1924.2837095625,23.955458963151084,4044097.1658326187
2022,41.2,-78.7,50.0,101.073487775,1.0500354081707408,19163.14619911602
2022,41.2,-76.0,458.6313310372771,439.2809276375,5.299015897047691,887057.5706284959
2022,41.2,-75.6,50.0,159.3851153375,1.7826182510805597,32532.783082220216
2022,41.2,-75.4,611.0421393841167,159.3851153375,1.7826182510805597,397578.0274935848
2022,41.2,-75.3,246.59215457860617,159.3851153375,1.7826182510805597,160446.5814936622
2022,41.3,-80.5,244.4238502836305,746.3888328,9.15728553637274,816964.5309655913
2022,41.3,-79.6,49.171545786061586,112.7358132875,1.1965519767527044,21475.253263258808
2022,41.3,-79.4,133.9802218395462,1924.2837095625,23.955458963151084,1171488.5627451616
2022,41.3,-79.2,45.744226094003245,1924.2837095625,23.955458963151084,399975.7348135399
2022,41.4,-80.4,603.1383205024312,112.7358132875,1.1965519767527044,263415.5176231589
2022,41.4,-75.7,3200.1023855348462,439.2809276375,5.299015897047691,6189448.595792227
2022,41.4,-75.6,1729.8521829416532,159.3851153375,1.7826182510805597,1125538.1166389184
2022,41.4,-75.3,39.23931320907618,159.3851153375,1.7826182510805597,25531.281298523478
2022,41.5,-80.5,100.0,17.49348826875,0.0,0.0
2022,41.5,-75.0,39.868820907617504,159.3851153375,1.7826182510805597,25940.87404662813
2022,41.6,-80.5,164.79112641815234,17.49348826875,0.0,0.0
2022,41.6,-80.1,960.5238300243112,112.7358132875,1.1965519767527044,419500.5909497889
2022,41.6,-79.7,381.2718294165316,112.7358132875,1.1965519767527044,166517.21982649184
2022,41.7,-80.4,50.0,17.49348826875,0.0,0.0
2022,41.7,-77.3,353.8882445299838,480.09906693125,5.811823887084564,750708.6958149909
2022,41.9,-76.6,8.07868213128039,2606.52975204375,32.52667822519597,95912.03337124613
2022,42.1,-80.2,578.6224929092383,17.49348826875,0.0,0.0
2022,42.1,-80.1,6948.785757698541,17.49348826875,0.0,0.0
2022,42.2,-80.0,407.3264536061589,17.49348826875,0.0,0.0
2023,39.8,-77.3,100.0,1992.31394171875,24.810138946545873,905570.0715489243
2023,39.8,-76.6,484.1326782820097,314.8827888375,3.7361724988400775,660213.167411268
2023,39.9,-77.0,136.39543658833065,1992.31394171875,24.810138946545873,1235156.2527024138
2023,39.9,-76.7,2234.672487844409,314.8827888375,3.7361724988400775,3047429.490944568
2023,39.9,-76.6,852.2581138573744,314.8827888375,3.7361724988400775,1162226.9143211418
2023,39.9,-76.4,135.47875810372773,314.8827888375,3.7361724988400775,184752.7837245165
2023,39.9,-75.9,172.01945907617505,314.8827888375,3.7361724988400775,234583.44587699926
2023,39.9,-75.8,313.251164910859,314.8827888375,3.7361724988400775,427181.54146289284
2023,39.9,-75.6,3084.717929497569,314.8827888375,3.7361724988400775,4206638.977626719
2023,39.9,-75.5,4284.333969813614,314.8827888375,3.7361724988400775,5842558.925160346
2023,39.9,-75.4,8467.738477512155,149.66651074375,1.66052111059559,5132213.3528326955
2023,39.9,-75.3,6474.08921191248,149.66651074375,1.66052111059559,3923882.060014841
2023,39.9,-75.2,10640.329705226904,149.66651074375,1.66052111059559,6448999.616217718
2023,40.0,-78.9,122.20272487844407,101.073487775,1.0500354081707408,46835.77365551952
2023,40.0,-78.7,50.0,101.073487775,1.0500354081707408,19163.14619911602
2023,40.0,-77.3,150.0,1992.31394171875,24.810138946545873,1358355.1073233865
2023,40.0,-76.7,2446.9941906401946,314.8827888375,3.7361724988400775,3336973.2259603348
2023,40.0,-76.5,815.3064880470017,314.8827888375,3.7361724988400775,1111835.8727499894
2023,40.0,-76.4,2717.540782009725,314.8827888375,3.7361724988400775,3705918.4139906983
2023,40.0,-76.2,922.0205074959482,314.8827888375,3.7361724988400775,1257362.0971676207
2023,40.0,-75.8,1807.974458063209,314.8827888375,3.7361724988400775,2465540.123819685
2023,40.0,-75.6,3875.558584886548,314.8827888375,3.7361724988400775,5285110.721911292
2023,40.0,-75.5,2000.0976245948136,149.66651074375,1.66052111059559,1212239.5800455
2023,40.0,-75.4,3196.647533427877,149.66651074375,1.66052111059559,1937456.7600224637
2023,40.0,-75.3,7080.01369023501,149.66651074375,1.66052111059559,4291126.951518472
2023,40.0,-75.2,23306.7717382496,149.66651074375,1.66052111059559,14126006.069286589
2023,40.0,-75.1,38839.44612540519,149.66651074375,1.66052111059559,23540207.878502525
2023,40.1,-79.3,44.095396069692065,1339.22371301875,16.6052111059559,267257.87659636076
2023,40.1,-77.5,924.2015700972448,1992.31394171875,24.810138946545873,8369292.819585902
2023,40.1,-76.3,3704.9931675445705,314.8827888375,3.7361724988400775,5052510.1570542
2023,40.1,-75.8,257.7763117909239,314.8827888375,3.7361724988400775,351530.3199424714
2023,40.1,-75.7,348.8751873987034,314.8827888375,3.7361724988400775,475762.1264506507
2023,40.1,-75.5,1448.7629305105347,149.66651074375,1.66052111059559,878081.0220817922
2023,40.1,-75.4,3264.829446920584,149.66651074375,1.66052111059559,1978781.1499736002
2023,40.1,-75.3,3403.2478980956244,149.66651074375,1.66052111059559,2062675.2174729165
2023,40.1,-75.2,4957.492073541329,149.66651074375,1.66052111059559,3004687.3889598735
2023,40.1,-75.1,5334.057273095624,149.66651074375,1.66052111059559,3232919.868091949
2023,40.1,-75.0,5450.981194286873,149.66651074375,1.66052111059559,3303786.311499113
2023,40.1,-74.9,3252.470092179903,149.66651074375,1.66052111059559,1971290.2661206124
2023,40.2,-80.3,1547.29006280389,612.27208940625,7.472344997680155,4220088.083674794
2023,40.2,-80.2,181.1230247163695,612.27208940625,7.472344997680155,493996.01061198296
2023,40.2,-79.8,732.1100131685575,1339.22371301875,16.6052111059559,4437247.082328538
2023,40.2,-79.4,50.0,1339.22371301875,16.6052111059559,303045.10268369515
2023,40.2,-77.2,1807.784800445705,1992.31394171875,24.810138946545873,16370758.11084675
2023,40.2,-76.9,3076.594261547812,1992.31394171875,24.810138946545873,27860716.855568625
2023,40.2,-76.8,800.8925091166938,314.8827888375,3.7361724988400775,1092179.4869874183
2023,40.2,-75.9,198.03416227714752,314.8827888375,3.7361724988400775,270059.7736897098
2023,40.2,-75.8,192.75535858995136,314.8827888375,3.7361724988400775,262861.0534652593
2023,40.2,-75.7,1380.5177978119937,149.66651074375,1.66052111059559,836718.3155892086
2023,40.2,-75.6,357.25173217179906,149.66651074375,1.66052111059559,216526.77571986162
2023,40.2,-75.5,1343.0604183549433,149.66651074375,1.66052111059559,814015.7647815607
2023,40.2,-75.2,1030.2517878849271,149.66651074375,1.66052111059559,624425.5176992965
2023,40.2,-75.1,3705.9098460291734,149.66651074375,1.66052111059559,2246115.6596528557
2023,40.2,-75.0,2313.222351094003,149.66651074375,1.66052111059559,1402021.4098350017
2023,40.2,-74.9,4225.887814019449,1158.457667575,14.334204292935459,22109779.82449115
2023,40.2,-74.8,2705.813619327391,1158.457667575,14.334204292935459,14156775.09728676
2023,40.3,-80.0,2447.183848257698,612.27208940625,7.472344997680155,6674463.72523021
2023,40.3,-79.9,2509.0122315640197,612.27208940625,7.472344997680155,6843094.824140689
2023,40.3,-79.4,896.954092382496,1339.22371301875,16.6052111059559,5436350.900572281
2023,40.3,-79.3,247.75606766612643,1339.22371301875,16.6052111059559,1501625.2593277963
2023,40.3,-78.2,1.0115072933549434,1201.2195277875,14.871431711069327,5490.5349980074625
2023,40.3,-76.9,4616.424458063209,1992.31394171875,24.810138946545873,41804958.267885044
2023,40.3,-76.7,1270.2635028363047,314.8827888375,3.7361724988400775,1732262.1014357023
2023,40.3,-75.9,3028.168349878444,314.8827888375,3.7361724988400775,4129522.14839593
2023,40.3,-75.4,2234.1667341977313,149.66651074375,1.66052111059559,1354106.5747548947
2023,40.3,-75.3,1302.4420786061592,149.66651074375,1.66052111059559,789397.3869015378
2023,40.3,-75.2,668.732759319287,149.66651074375,1.66052111059559,405312.37543172826
2023,40.3,-75.1,2214.1262459481363,149.66651074375,1.66052111059559,1341960.231116035
2023,40.3,-75.0,2113.165174230146,149.66651074375,1.66052111059559,1280768.7144243664
2023,40.4,-80.0,13454.595872163698,612.27208940625,7.472344997680155,36696144.48882722
2023,40.4,-79.9,4329.409263573744,612.27208940625,7.472344997680155,11808056.47355502
2023,40.4,-79.8,1761.6979993922205,612.27208940625,7.472344997680155,4804865.560111282
2023,40.4,-79.6,488.0838786466775,1339.22371301875,16.6052111059559,2958228.5824547717
2023,40.4,-79.5,32.905596636953,1339.22371301875,16.6052111059559,199437.5982342735
2023,40.4,-79.2,73.61876519448947,1339.22371301875,16.6052111059559,446196.12515621807
2023,40.4,-78.8,212.63779882495948,721.12046085625,8.839832971111818,686084.1581094943
2023,40.4,-77.2,132.12814019448948,1992.31394171875,24.810138946545873,1196512.8936955016
2023,40.4,-76.0,796.6568223257699,48.59302296875,0.39071084955190355,113610.79930606083
2023,40.5,-80.2,1747.347239667747,612.27208940625,7.472344997680155,4765725.213022654
2023,40.5,-80.0,3749.783974878445,612.27208940625,7.472344997680155,10227183.027378418
2023,40.5,-79.9,2778.6421444489465,612.27208940625,7.472344997680155,7578485.0458719665
2023,40.5,-79.8,1974.9363806726096,612.27208940625,7.472344997680155,5386453.184472267
2023,40.5,-79.3,1.7385281604538088,1339.22371301875,16.6052111059559,10537.048898064402
2023,40.5,-79.0,23.73881179092383,721.12046085625,8.839832971111818,76594.20287501566
2023,40.5,-78.7,285.84563918152355,721.12046085625,8.839832971111818,922292.1126481579
2023,40.5,-78.0,1149.388381280389,1201.2195277875,14.871431711069327,6238963.549923355
2023,40.5,-77.2,224.17530388978932,1992.31394171875,24.810138946545873,2030064.4598297835
2023,40.5,-75.6,1016.3119529983792,149.66651074375,1.66052111059559,615976.7203101212
2023,40.6,-80.0,1536.7008458265802,612.27208940625,7.472344997680155,4191206.990558735
2023,40.6,-79.8,1867.2424635332256,612.27208940625,7.472344997680155,5092728.156871041
2023,40.6,-79.2,2181.347087722853,721.12046085625,8.839832971111818,7038201.526234294
2023,40.6,-79.1,50.0,721.12046085625,8.839832971111818,161326.9517227907
2023,40.6,-76.5,57.97201175040519,48.59302296875,0.39071084955190355,8267.357295850317
2023,40.6,-75.5,4589.935610818477,149.66651074375,1.66052111059559,2781915.0169840683
2023,40.6,-75.4,3292.867164708266,149.66651074375,1.66052111059559,1995774.5361055692
2023,40.6,-75.3,372.5507799837926,149.66651074375,1.66052111059559,225799.3787501583
2023,40.7,-80.3,1532.338720623987,347.92604445625,4.151302776488975,2321838.724688491
2023,40.7,-80.2,336.8003190842788,347.92604445625,4.151302776488975,510328.4364039828
2023,40.7,-80.0,528.4177319692059,612.27208940625,7.472344997680155,1441209.6526004397
2023,40.7,-79.6,100.0,1339.22371301875,16.6052111059559,606090.2053673903
2023,40.7,-79.1,100.0,721.12046085625,8.839832971111818,322653.9034455814
2023,40.7,-75.3,2347.3607222447326,149.66651074375,1.66052111059559,1422712.3422166556
2023,40.7,-75.2,4540.371753444084,149.66651074375,1.66052111059559,2751874.848489223
2023,40.8,-77.9,4234.264358792544,136.0604643125,1.489585113916632,2302163.4623944713
2023,40.8,-77.8,179.3528869529984,136.0604643125,1.489585113916632,97513.90754825303
2023,40.8,-76.1,234.44842483792547,48.59302296875,0.39071084955190355,33434.563284253985
2023,40.8,-75.3,184.4736426256078,149.66651074375,1.66052111059559,111807.6679438252
2023,40.9,-79.4,58.1300597649919,721.12046085625,8.839832971111818,187558.90690699572
2023,40.9,-77.8,961.1848055105348,136.0604643125,1.489585113916632,522594.8009741413
2023,40.9,-75.6,50.0,149.66651074375,1.66052111059559,30304.510268369515
2023,40.9,-75.4,485.3654527957861,149.66651074375,1.66052111059559,294175.2469632344
2023,40.9,-75.2,569.8895309967586,1158.457667575,14.334204292935459,2981653.23102514
2023,40.9,-75.1,144.86681017017827,1158.457667575,14.334204292935459,757940.915069511
2023,41.0,-80.3,2665.321717990276,347.92604445625,4.151302776488975,4038563.46856723
2023,41.0,-80.1,50.0,347.92604445625,4.151302776488975,75761.27567092379
2023,41.0,-78.3,90.9724371961102,1154.5702257375,14.285365436741472,474344.6961563681
2023,41.0,-78.0,61.19619124797407,136.0604643125,1.489585113916632,33272.28146165277
2023,41.0,-75.4,50.0,149.66651074375,1.66052111059559,30304.510268369515
2023,41.0,-75.2,1821.6930257293357,1158.457667575,14.334204292935459,9531069.79628431
2023,41.1,-80.3,241.75024311183148,347.92604445625,4.151302776488975,366306.1362381662
2023,41.1,-80.0,38.65854436790923,347.92604445625,4.151302776488975,58576.41273787619
2023,41.1,-78.7,66.79109096434361,1154.5702257375,14.285365436741472,348259.3269556658
2023,41.2,-78.7,50.0,1154.5702257375,14.285365436741472,260707.91922053185
2023,41.2,-77.2,430.26991491085903,17.49348826875,0.0,0.0
2023,41.2,-75.9,2235.051803079417,149.66651074375,1.66052111059559,1354643.0063351598
2023,41.2,-75.6,50.0,149.66651074375,1.66052111059559,30304.510268369515
2023,41.2,-75.4,552.2829821717991,1158.457667575,14.334204292935459,2889536.039296203
2023,41.3,-80.4,93.18510940032417,347.92604445625,4.151302776488975,141196.455234063
2023,41.3,-79.4,121.09638877633714,456.77441590625,5.518790749920637,243931.55503308956
2023,41.3,-79.2,41.345360615883315,456.77441590625,5.518790749920637,83284.3837074605
2023,41.3,-76.9,394.20335798217184,17.49348826875,0.0,0.0
2023,41.3,-75.8,1132.0663188816857,503.4237179562499,6.104857024248491,2522552.6018400965
2023,41.3,-75.5,430.36474371961106,149.66651074375,1.66052111059559,260839.85590390337
2023,41.4,-80.1,50.0,347.92604445625,4.151302776488975,75761.27567092379
2023,41.4,-75.7,2892.373495745543,503.4237179562499,6.104857024248491,6444997.228072105
2023,41.4,-75.6,1563.5057891004865,503.4237179562499,6.104857024248491,3483917.444150799
2023,41.5,-80.5,50.0,347.92604445625,4.151302776488975,75761.27567092379
2023,41.5,-79.6,50.0,456.77441590625,5.518790749920637,100717.93118605162
2023,41.5,-79.4,84.08154376012966,456.77441590625,5.518790749920637,169370.38276899455
2023,41.5,-75.3,50.0,1158.457667575,14.334204292935459,261599.2283460721
2023,41.6,-80.4,30.66131482982172,347.92604445625,4.151302776488975,46458.80650510214
2023,41.6,-80.3,164.02222953808754,347.92604445625,4.151302776488975,248530.6669638918
2023,41.6,-79.4,10.115072933549436,456.77441590625,5.518790749920637,20375.38439326251
2023,41.6,-75.9,50.0,503.4237179562499,6.104857024248491,111413.64069253497
2023,41.7,-80.1,159.72332354132902,456.77441590625,5.518790749920637,321740.0541848607
2023,41.7,-77.4,50.0,2548.21812448125,31.794095382286148,580242.2407267223
2023,41.8,-78.9,50.0,2072.0064993875,25.811335498522627,471056.8728480379
2023,41.8,-77.3,50.0,2548.21812448125,31.794095382286148,580242.2407267223
2023,41.8,-75.3,50.0,69.973953075,0.6593245586188371,12032.673194793777
2023,41.9,-75.8,50.0,69.973953075,0.6593245586188371,12032.673194793777
2023,42.0,-80.4,452.080540923825,456.77441590625,5.518790749920637,910652.336226376
2023,42.0,-78.6,5.879386142625608,2072.0064993875,25.811335498522627,55390.50501222615
2023,42.1,-80.2,522.980880267423,456.77441590625,5.518790749920637,1053471.0462079004
2023,42.1,-80.1,6280.5752228525125,456.77441590625,5.518790749920637,12651330.862081604
2023,42.1,-80.0,865.4393182739061,456.77441590625,5.518790749920637,1743305.1540722942
2024,39.7,-77.6,50.0,17.49348826875,0.0,0.0
2024,39.7,-77.2,100.0,79614.808832,1000.0,36500000.0
2024,39.7,-75.8,47.44452998379256,248.7962776,2.905911943542282,50322.41361251324
2024,39.8,-79.5,50.08716572123177,2038.96324376875,25.396205220873732,464288.7379497346
2024,39.8,-79.4,63.730540923824975,2641.51672858125,32.96622793094186,766848.7714638169
2024,39.8,-77.7,623.1396525526743,17.49348826875,0.0,0.0
2024,39.8,-77.2,858.1805915721233,79614.808832,1000.0,313235915.92382497
2024,39.8,-76.9,106.1970826580227,219.64046381875,2.5396205220873727,98440.60603400506
2024,39.8,-76.6,470.63498784440856,248.7962776,2.905911943542282,499182.69876246946
2024,39.8,-76.2,175.85818982982175,248.7962776,2.905911943542282,186525.3711816148
2024,39.8,-75.8,1110.1528363047005,248.7962776,2.905911943542282,1177492.3309539368
2024,39.8,-75.7,21.171814222042144,248.7962776,2.905911943542282,22456.051152216078
2024,39.8,-75.3,50.0,518.97348530625,6.300212449024444,114978.8771946961
2024,39.8,-75.2,100.0,518.97348530625,6.300212449024444,229957.7543893922
2024,39.9,-80.1,56.3864718395462,66.08651123749999,0.6104857024248492,12564.444226901885
2024,39.9,-76.7,2172.369489465154,219.64046381875,2.5396205220873727,2013702.8600057934
2024,39.9,-76.6,828.4970320097245,248.7962776,2.905911943542282,878751.8884848326
2024,39.9,-76.4,131.70159035656403,248.7962776,2.905911943542282,139690.32690623816
2024,39.9,-76.1,386.1628292139385,248.7962776,2.905911943542282,409586.6398111748
2024,39.9,-76.0,252.4946262155592,248.7962776,2.905911943542282,267810.4097500138
2024,39.9,-75.7,723.9592787682335,248.7962776,2.905911943542282,767873.0989059663
2024,39.9,-75.6,2998.7155388978936,248.7962776,2.905911943542282,3180611.204415765
2024,39.9,-75.5,4164.886107171799,248.7962776,2.905911943542282,4417519.183048206
2024,39.9,-75.4,8231.656680510538,518.97348530625,6.300212449024444,18929332.851546418
2024,39.9,-75.3,6293.5906503241495,518.97348530625,6.300212449024444,14472599.72994616
2024,39.9,-75.2,10343.675744529986,518.97348530625,6.300212449024444,23786084.4634414
2024,40.0,-79.2,50.0,2641.51672858125,32.96622793094186,601633.659739689
2024,40.0,-78.5,354.26683042949765,17.49348826875,0.0,0.0
2024,40.0,-77.3,150.0,79614.808832,1000.0,54750000.0
2024,40.0,-76.8,1088.212814019449,219.64046381875,2.5396205220873727,1008731.3721320184
2024,40.0,-76.7,2378.771631888169,219.64046381875,2.5396205220873727,2205029.697601399
2024,40.0,-76.5,792.5756229740682,248.7962776,2.905911943542282,840651.5636706955
2024,40.0,-76.4,2641.7753444084283,248.7962776,2.905911943542282,2802019.7817972717
2024,40.0,-76.2,896.3144398298218,248.7962776,2.905911943542282,950682.9550928746
2024,40.0,-75.7,3553.7919570502436,248.7962776,2.905911943542282,3769357.3698927336
2024,40.0,-75.6,3767.507440235009,248.7962776,2.905911943542282,3996036.3768066135
2024,40.0,-75.5,1944.334607982172,518.97348530625,6.300212449024444,4471148.202331595
2024,40.0,-75.4,3107.5245289708273,518.97348530625,6.300212449024444,7145993.623920852
2024,40.0,-75.3,6882.621864870341,518.97348530625,6.300212449024444,15827122.683569144
2024,40.0,-75.2,22656.975506482984,518.97348530625,6.300212449024444,52101472.08726289
2024,40.1,-77.3,50.0,79614.808832,1000.0,18250000.0
2024,40.1,-77.0,746.7596940842789,219.64046381875,2.5396205220873727,692217.4791199049
2024,40.1,-76.7,530.8625000000001,219.64046381875,2.5396205220873727,492089.094283412
2024,40.1,-75.7,339.14849574554296,248.7962776,2.905911943542282,359720.5175138009
2024,40.1,-75.6,998.1481006888172,518.97348530625,6.300212449024444,2295318.9578243736
2024,40.1,-75.5,1408.3712064424635,518.97348530625,6.300212449024444,3238658.7998018805
2024,40.1,-75.4,3173.8055206645063,518.97348530625,6.300212449024444,7298411.904006655
2024,40.1,-75.3,3308.364845016208,518.97348530625,6.300212449024444,7607841.504607369
2024,40.1,-75.2,4819.276463735819,518.97348530625,6.300212449024444,11082299.933823401
2024,40.1,-75.1,5185.342970016209,518.97348530625,6.300212449024444,11924098.25123749
2024,40.1,-75.0,5299.007035048624,518.97348530625,6.300212449024444,12185477.582733728
2024,40.1,-74.9,3161.790746555916,518.97348530625,6.300212449024444,7270782.999271584
2024,40.2,-80.4,26.94873885737439,66.08651123749999,0.6104857024248492,6004.914216344932
2024,40.2,-80.1,158.89615579416534,66.08651123749999,0.6104857024248492,35406.39841815239
2024,40.2,-80.0,80.93840153970828,66.08651123749999,0.6104857024248492,18035.28397474636
2024,40.2,-79.6,380.2937196110211,2038.96324376875,25.396205220873732,3525176.331819581
2024,40.2,-77.7,83.18156908427878,17.49348826875,0.0,0.0
2024,40.2,-77.2,1757.3834937196114,79614.808832,1000.0,641444975.2076582
2024,40.2,-77.0,2330.712535453809,219.64046381875,2.5396205220873727,2160480.7659355467
2024,40.2,-76.9,2990.8183600081043,219.64046381875,2.5396205220873727,2772373.444992983
2024,40.2,-76.7,702.3572680307943,219.64046381875,2.5396205220873727,651058.1400808027
2024,40.2,-76.2,1395.5882242706648,248.7962776,2.905911943542282,1480241.6185489078
2024,40.2,-75.8,187.38131077795788,248.7962776,2.905911943542282,198747.45997999073
2024,40.2,-75.7,1342.028758103728,248.7962776,2.905911943542282,1423433.3498140564
2024,40.2,-75.6,347.29150121555926,518.97348530625,6.300212449024444,798623.7373805089
2024,40.2,-75.4,10237.32502025932,518.97348530625,6.300212449024444,23541522.726131726
2024,40.2,-75.2,1001.528216166937,518.97348530625,6.300212449024444,2303091.795473626
2024,40.2,-75.1,3602.588533225284,518.97348530625,6.300212449024444,8284431.690894607
2024,40.2,-75.0,2248.7293709481364,518.97348530625,6.300212449024444,5171127.56372704
2024,40.2,-74.9,4108.069438816857,518.97348530625,6.300212449024444,9446824.23026015
2024,40.2,-74.8,2630.3751367504055,518.97348530625,6.300212449024444,6048751.596488137
2024,40.3,-80.2,1312.6832100891413,66.08651123749999,0.6104857024248492,292501.63102399
2024,40.3,-80.1,1463.835828606159,66.08651123749999,0.6104857024248492,326182.55808237166
2024,40.3,-80.0,2378.956001823339,66.08651123749999,0.6104857024248492,530096.2984209902
2024,40.3,-79.9,2439.060600688817,66.08651123749999,0.6104857024248492,543489.2427849248
2024,40.3,-79.5,3638.417757293356,2038.96324376875,25.396205220873732,33726731.47587503
2024,40.3,-79.4,871.94688006483,2038.96324376875,25.396205220873732,8082611.796356854
2024,40.3,-79.2,50.0,2038.96324376875,25.396205220873732,463480.74528094556
2024,40.3,-77.0,147.864688006483,219.64046381875,2.5396205220873727,137064.87159595845
2024,40.3,-76.9,4487.717863654782,219.64046381875,2.5396205220873727,4159941.6401146627
2024,40.3,-76.8,3433.3983893841173,219.64046381875,2.5396205220873727,3182628.0887162974
2024,40.3,-76.7,1234.8483691247975,219.64046381875,2.5396205220873727,1144656.8848618425
2024,40.3,-76.2,173.27701073743924,248.7962776,2.905911943542282,183787.62329077857
2024,40.3,-76.1,470.7886294570503,248.7962776,2.905911943542282,499345.65994644776
2024,40.3,-76.0,2551.034607982172,248.7962776,2.905911943542282,2705774.9065396604
2024,40.3,-75.9,2943.742569894652,248.7962776,2.905911943542282,3122303.692788313
2024,40.3,-75.6,1966.5204568476504,518.97348530625,6.300212449024444,4522166.282174873
2024,40.3,-75.5,202.99129862236632,518.97348530625,6.300212449024444,466794.2319178589
2024,40.3,-75.4,2171.8778363047004,518.97348530625,6.300212449024444,4994401.500447209
2024,40.3,-75.2,650.0883914100486,518.97348530625,6.300212449024444,1494928.6664326703
2024,40.3,-75.1,2152.3960798217186,518.97348530625,6.300212449024444,4949601.6907233335
2024,40.3,-75.0,2054.249817666127,518.97348530625,6.300212449024444,4723906.75025321
2024,40.4,-80.2,333.15647285251225,66.08651123749999,0.6104857024248492,74236.35112156418
2024,40.4,-80.1,2276.4463178687197,66.08651123749999,0.6104857024248492,507254.3442297396
2024,40.4,-80.0,13079.479755875203,66.08651123749999,0.6104857024248492,2914464.9159327303
2024,40.4,-79.9,4208.704695097245,66.08651123749999,0.6104857024248492,937814.225361099
2024,40.4,-79.5,31.988183752025936,2038.96324376875,25.396205220873732,296518.14491145633
2024,40.4,-79.2,71.56626316855754,2038.96324376875,25.396205220873732,663391.6998067067
2024,40.4,-77.0,290.3519195705025,79614.808832,1000.0,105978450.6432334
2024,40.4,-76.6,50.0,219.64046381875,2.5396205220873727,46348.074528094556
2024,40.4,-75.9,2294.914039708266,248.7962776,2.905911943542282,2434118.612847758
2024,40.4,-75.5,619.9439070097246,518.97348530625,6.300212449024444,1425609.0870334248
2024,40.4,-75.3,1164.9107070502432,518.97348530625,6.300212449024444,2678802.5025743307
2024,40.4,-75.1,395.4735109400325,518.97348530625,6.300212449024444,909422.0049625861
2024,40.5,-80.4,300.0,66.08651123749999,0.6104857024248492,66848.18441552098
2024,40.5,-80.2,1698.6309410453812,66.08651123749999,0.6104857024248492,378501.31466970535
2024,40.5,-80.1,1588.101164910859,66.08651123749999,0.6104857024248492,353872.2651415494
2024,40.5,-80.0,3645.239444894653,66.08651123749999,0.6104857024248492,812258.795503497
2024,40.5,-79.9,2701.1731918557543,66.08651123749999,0.6104857024248492,601895.0788914497
2024,40.5,-79.8,1919.8748632495951,2038.96324376875,25.396205220873732,17796500.649301518
2024,40.5,-79.4,186.15217787682337,2038.96324376875,25.396205220873732,1725559.0027604252
2024,40.5,-79.3,1.690057739059968,2038.96324376875,25.396205220873732,15666.184409346877
2024,40.5,-78.4,2773.0774665721237,880.50557619375,10.842226075065323,10974211.477929194
2024,40.5,-78.2,50.0,880.50557619375,10.842226075065323,197870.62586994216
2024,40.5,-77.0,3.9332252836304704,79614.808832,1000.0,1435627.2285251217
2024,40.5,-75.4,746.0222143435982,518.97348530625,6.300212449024444,1715535.931350557
2024,40.6,-80.2,1408.9550445705029,66.08651123749999,0.6104857024248492,313953.62217542523
2024,40.6,-80.0,1493.85739971637,77.74883675,0.757002271006813,412761.50711315306
2024,40.6,-79.6,822.1055409238251,2038.96324376875,25.396205220873732,7620601.776139388
2024,40.6,-79.2,2120.530809359806,2038.96324376875,25.396205220873732,19656503.998265795
2024,40.6,-78.8,53.89747771474879,880.50557619375,10.842226075065323,213294.552964572
2024,40.6,-78.6,106.99601904376014,880.50557619375,10.842226075065323,423427.38507562137
2024,40.6,-76.2,403.7087013776338,31.0995347,0.1709359966789578,25188.047471853057
2024,40.6,-75.9,159.08052572933553,287.670695975,3.394300505482162,197087.99474683986
2024,40.6,-75.5,4461.967529376014,518.97348530625,6.300212449024444,10260640.332136927
2024,40.6,-75.4,3201.061542747164,518.97348530625,6.300212449024444,7361089.240323813
2024,40.7,-80.4,101.55710595623988,77.74883675,0.757002271006813,28060.820343699892
2024,40.7,-80.2,327.4102765397083,77.74883675,0.757002271006813,90465.36785540768
2024,40.7,-79.5,234.5492858589952,2038.96324376875,25.396205220873732,2174181.556300813
2024,40.7,-79.2,62.286309764991906,66.08651123749999,0.6104857024248492,13879.089072441482
2024,40.7,-79.1,100.0,66.08651123749999,0.6104857024248492,22282.728138506995
2024,40.7,-75.6,1364.0916936790927,518.97348530625,6.300212449024444,3136834.6265966683
2024,40.7,-75.2,4413.78551965154,518.97348530625,6.300212449024444,10149842.064554848
2024,40.8,-79.8,254.4305105348461,77.74883675,0.757002271006813,70300.63311523
2024,40.8,-79.5,585.3438158427878,260.4586031125,3.052428512124246,652152.8557990572
2024,40.8,-77.9,4116.212444286873,171.04744085,1.9291348196625233,2898365.9942617263
2024,40.8,-76.1,227.91196819286876,31.0995347,0.1709359966789578,14219.801194910498
2024,40.8,-76.0,339.2099523905997,287.670695975,3.394300505482162,420253.8871953573
2024,40.8,-75.4,344.6795938006484,518.97348530625,6.300212449024444,792617.4537424498
2024,40.9,-80.0,100.0,77.74883675,0.757002271006813,27630.582891748676
2024,40.9,-79.4,56.509385129659655,260.4586031125,3.052428512124246,62959.16330591981
2024,40.9,-76.6,118.94933650729337,31.0995347,0.1709359966789578,7421.444037413851
2024,40.9,-76.5,150.0,31.0995347,0.1709359966789578,9358.74581817294
2024,40.9,-75.6,50.0,518.97348530625,6.300212449024444,114978.8771946961
2024,41.0,-80.3,2591.0121555915725,77.74883675,0.757002271006813,715911.7613860136
2024,41.0,-77.7,194.1108134116694,171.04744085,1.9291348196625233,136680.0640942953
2024,41.0,-77.6,50.0,398.46278834375,4.786207907010818,87348.29430294743
2024,41.0,-76.9,682.2302167747165,276.0083704625,3.2477839369001984,808743.7638477355
2024,41.0,-76.6,598.7413644651541,31.0995347,0.1709359966789578,37356.45493903614
2024,41.0,-75.1,26.119074149108595,149.66651074375,1.66052111059559,15830.515015039326
2024,41.1,-80.2,88.77412378444086,77.74883675,0.757002271006813,24528.807858683507
2024,41.1,-80.0,37.580738452188015,77.74883675,0.757002271006813,10383.777089363077
2024,41.1,-78.8,681.8922052269045,66.08651123749999,0.6104857024248492,151944.18628838132
2024,41.1,-75.1,527.0829163290114,149.66651074375,1.66052111059559,319459.7930034935
2024,41.2,-79.7,114.64737135332253,260.4586031125,3.052428512124246,127732.81038302704
2024,41.2,-77.0,1656.4716825364671,276.0083704625,3.2477839369001984,1963649.6747022737
2024,41.2,-76.4,43.81858792544571,31.0995347,0.1709359966789578,2733.913510036722
2024,41.2,-75.9,2172.7382293354945,287.670695975,3.394300505482162,2691848.1615915685
2024,41.2,-75.5,158.55814424635335,307.1079051625,3.6384947864521013,210573.23813430505
2024,41.2,-75.3,216.6654021474879,149.66651074375,1.66052111059559,131318.77808357915
2024,41.3,-80.5,214.76024615072936,77.74883675,0.757002271006813,59339.507831200775
2024,41.3,-80.4,90.58709481361429,77.74883675,0.757002271006813,25029.74232170266
2024,41.3,-80.3,60.8728069286872,77.74883675,0.757002271006813,16819.511376965045
2024,41.3,-79.2,40.19264586709887,260.4586031125,3.052428512124246,44780.09005119254
2024,41.3,-79.1,39.516622771474886,66.08651123749999,0.6104857024248492,8805.381621687098
2024,41.3,-76.0,1018.0907820097248,287.670695975,3.394300505482162,1261332.7104408534
2024,41.3,-75.5,418.366111223663,307.1079051625,3.6384947864521013,555611.3637981713
2024,41.3,-75.0,50.0,149.66651074375,1.66052111059559,30304.510268369515
2024,41.3,-74.8,50.0,149.66651074375,1.66052111059559,30304.510268369515
2024,41.4,-80.4,529.9406503241493,77.74883675,0.757002271006813,146425.69066488606
2024,41.4,-75.7,2811.733696312804,287.670695975,3.394300505482162,3483512.2239366593
2024,41.4,-75.6,1519.9150172204218,307.1079051625,3.6384947864521013,2018524.0460924676
2024,41.5,-80.5,50.0,77.74883675,0.757002271006813,13815.291445874338
2024,41.5,-79.4,81.73733792544573,260.4586031125,3.052428512124246,91066.54398789923
2024,41.5,-79.1,159.4185372771475,371.25069548125,4.444335913652902,258605.9786408368
2024,41.5,-78.2,50.0,553.96046184375,6.739762154770336,123000.65932455864
2024,41.5,-76.0,100.0,287.670695975,3.394300505482162,123891.96845009891
2024,41.5,-75.1,50.0,149.66651074375,1.66052111059559,30304.510268369515
2024,41.6,-80.5,144.7918557536467,77.74883675,0.757002271006813,40006.83372451253
2024,41.6,-80.4,29.80647285251216,77.74883675,0.757002271006813,8235.70218861994
2024,41.6,-80.0,93.01463229335496,77.74883675,0.757002271006813,25700.485077270674
2024,41.6,-79.9,50.0,371.25069548125,4.444335913652902,81109.13042416547
2024,41.6,-75.8,260.0230652350082,287.670695975,3.394300505482162,322147.69394393644
2024,41.6,-75.7,1.751514384116694,307.1079051625,3.6384947864521013,2326.099723576626
2024,41.6,-75.2,50.0,307.1079051625,3.6384947864521013,66402.52985275084
2024,41.7,-80.1,155.27021373581852,371.25069548125,4.444335913652902,251876.64033773105
2024,41.7,-78.4,3.287930510534846,553.96046184375,6.739762154770336,8088.352412182376
2024,41.7,-75.2,50.0,307.1079051625,3.6384947864521013,66402.52985275084
2024,41.8,-76.8,151.6135433549433,705.57069350625,8.644477546335867,478376.2530070628
2024,41.8,-76.4,49.50332759319288,287.670695975,3.394300505482162,61330.64700350763
2024,41.9,-80.4,37.61146677471637,371.25069548125,4.444335913652902,61012.66728149273
2024,41.9,-80.1,364.80664505672615,371.25069548125,4.444335913652902,591782.9950701648
2024,41.9,-77.8,50.0,3176.0399812375,39.681570657615204,724188.6645014775
2024,42.0,-80.2,292.6258154376014,371.25069548125,4.444335913652902,474692.5085961236
2024,42.0,-79.6,50.0,371.25069548125,4.444335913652902,81109.13042416547
2024,42.1,-80.1,6105.4718598055115,371.25069548125,4.444335913652902,9904190.267560747
2024,42.1,-80.0,841.3107425040521,371.25069548125,4.444335913652902,1364759.654820253
